building,mean,min,max,sum
Admin,9.819760094433681,1.264548547334153,18.74184942652336,1649.7196958648585
Engineering,10.153097146116247,1.7007572061153255,18.013307115668226,1705.7203205475296
Library,9.925991810404426,0.2977492089076419,19.3641076017186,1667.5666241479437
